id,subCategory,articleType,baseColour,productDisplayName
1163,Topwear,Tshirts,Blue,Nike Sahara Team India Fanwear Round Neck Jersey
1164,Topwear,Tshirts,Blue,Nike Men Blue T20 Indian Cricket Jersey
1165,Topwear,Tshirts,Blue,Nike Mean Team India Cricket Jersey
1525,Bags,Backpacks,Navy Blue,Puma Deck Navy Blue Backpack
1526,Bags,Backpacks,Black,Puma Big Cat Backpack Black
1528,Topwear,Jackets,Black,Puma Men Ferrari Black Fleece Jacket
1529,Topwear,Tshirts,Red,Ferrari Tee
1530,Topwear,Jackets,Red,Puma Men Ferrari Track Jacket
1531,Topwear,Tshirts,Grey,Puma Men Grey Solid Round Neck T-Shirt
1532,Topwear,Tshirts,Grey,Puma Men Grey Leaping Cat T-shirt
1533,Topwear,Tshirts,Red,Puma Men Cat Red T-shirt
1534,Topwear,Tshirts,Black,Puma Men Black Leaping Cat T-shirt
1535,Headwear,Caps,Black,Puma Unisex Logo Cap
1536,Topwear,Tshirts,Black,Puma Men Black Net Jersey
1537,Topwear,Tshirts,Red,Puma Men Red Net Jersey
1538,Topwear,Tshirts,Blue,Puma Men Ferrari Track Black T-shirt
1539,Topwear,Tshirts,Grey,Puma Men Ferrari Grey T-shirt
1540,Topwear,Tshirts,Blue,Puma Men Ferrari Vintage Black Polo T-shirt
1541,Shoes,Sports Shoes,White,Puma Men's Ballistic Spike White Green Shoe
1542,Shoes,Sports Shoes,White,Puma Men's Ballistic Rubber Shoe
1543,Shoes,Casual Shoes,Black,Puma Men Basket-Biz Sneaker
1544,Shoes,Casual Shoes,White,Puma Men's Basket Bump Sneaker
1545,Shoes,Casual Shoes,White,Puma Men's Speed Cat Shoe
1546,Shoes,Casual Shoes,White,Puma Men's Furore White Shoe
1547,Shoes,Casual Shoes,Black,Puma Men's Ducati Sneaker
1548,Shoes,Sports Shoes,White,Puma Men's Cell Exsis Sneaker
1549,Shoes,Sports Shoes,White,Puma Men's Jiyu Slip On Sneaker
1550,Sports Equipment,Footballs,White,Puma Cat Trainer-WBL Football
1551,Sports Equipment,Footballs,Orange,Puma Power Cat Trainer-OB Football
1552,Sports Equipment,Footballs,White,Puma Power Cat Trainer-WR Football
1553,Sports Equipment,Footballs,White,Puma Power Cat Hard Ground Football
1554,Water Bottle,Water Bottle,Blue,Quechua  Blue Sipper
1555,Water Bottle,Water Bottle,Purple,Quechua Red Sipper
1556,Bags,Backpacks,Black,Quechua Forclaz Large  Backpack - 50 ltr Orange
1557,Bags,Backpacks,Black,Quechua Spacious Blue-Black Backpack
1558,Water Bottle,Water Bottle,Blue,Quechua Easy-to-Carry Blue Water Bottle
1559,Bags,Backpacks,Blue,Quechua Blue Light Backpack
1561,Topwear,Tshirts,White,Quechua Women Sweat Proof White T-shirt
1562,Topwear,Tshirts,Grey,Quechua Men Sweat Proof Grey T-shirt
1563,Topwear,Tshirts,Blue,Quechua Men Sweat Proof Blue T-shirt
1565,Bags,Backpacks,Green,Quechua Green Light Backpack
1566,Headwear,Caps,Black,Artengo Men Black Cap
1567,Bottomwear,Shorts,Black,Artengo Men Training Shorts
1569,Bottomwear,Shorts,Black,Artengo Men Black Tennis Shorts
1570,Topwear,Tshirts,Black,Artengo Women Tennis Singlet
1571,Shoes,Sports Shoes,White,Kalenji Men's Super Soft Sports Shoes
1572,Bottomwear,Track Pants,Black,Kalenji Mens Essential Training Track Pants
1573,Bottomwear,Track Pants,Grey,Kalenji Women Athletes Grey Track Pants
1575,Topwear,Tshirts,White,Kipsta Men Sports White T-shirt
1577,Headwear,Caps,Green,Inesis  Slim Shady Cap
1578,Topwear,Tshirts,Red,Domyos Men Good Stroke Red T-shirt
1579,Topwear,Jackets,Grey,Domyos Men Grey Second Skin Jacket
1580,Bottomwear,Swimwear,Black,Nabaiji Women Cross-back Swimsuit
1581,Headwear,Caps,Pink,Nabaiji Unisex Silicone Swimming Cap
1582,Bottomwear,Swimwear,Black,Nabaiji Unisex Black Silicone Swimming Cap
1583,Bottomwear,Swimwear,Black,Nabaiji Women Black Swimsuit
1584,Topwear,Jackets,White,Domyos Unisex Feather-light Jacket
1587,Shoes,Sports Shoes,White,Kipsta Men Superfit Football White Shoe
1588,Topwear,Tshirts,White,Domyos Men White Dry-Fit T-shirt
1590,Shoes,Sports Shoes,Black,Kipsta Men's F300 Football Shoe
1591,Bottomwear,Shorts,Red,Kipsta Men Red Shorts
1592,Shoes,Sports Shoes,Red,Kipsta Men's Superfit Football Red Shoe
1594,Shoes,Casual Shoes,Grey,Newfeel Unisex Grey Mesh Lightweight Shoe
1595,Topwear,Tshirts,Black,Domyos Men Good Stroke Black T-shirt
1596,Water Bottle,Water Bottle,Pink,Quechua Easy-to-Carry Pink Sipper
1597,Bags,Handbags,Black,Geonaute Women Black Outdoor Bag
1598,Bags,Handbags,Blue,Geonaute Women Blue Outdoor Bag
1599,Bags,Handbags,Green,Geonaute Women Green Outdoor Bag
1603,Topwear,Sweatshirts,Navy Blue,Reebok Men Hoops Athletic Navy Sweatshirt
1604,Bottomwear,Track Pants,Blue,Reebok Track Pants Women Blue
1605,Bottomwear,Track Pants,Black,Reebok Black Track Pant
1607,Bottomwear,Track Pants,Blue,Reebok Men trackpant- male Track Pants
1608,Bottomwear,Track Pants,Blue,Reebok Track Pants Jet Black
1609,Topwear,Sweatshirts,Pink,Reebok Women Boat-Neck Wildberry Sweatshirt
1610,Topwear,Jackets,Navy Blue,Reebok Navy Jacket
1611,Topwear,Jackets,Black,Reebok Knit Rib Women Black Jacket
1612,Topwear,Tshirts,White,Reebok Orange & White Striped Polo T-shirt
1613,Topwear,Tshirts,White,Reebok Men White Polo Tshirt
1614,Topwear,Tshirts,White,Reebok T-shirt White Polo Tshirt
1615,Topwear,Tshirts,Navy Blue,Reebok Men Navy Blue Polo T-shirt
1616,Topwear,Tshirts,White,Reebok Men's Shoot White T-Shirt
1617,Topwear,Tshirts,Red,Reebok Men Shoot T-Shirt Red
1618,Shoes,Sports Shoes,White,Reebok Men United Runner White
1619,Bottomwear,Shorts,Grey,Reebok Men Micro Shorts Grey and White
1620,Bottomwear,Shorts,Blue,Reebok Men Micro Shorts
1621,Bottomwear,Shorts,Grey,Reebok Men Micro Shorts Black and White
1622,Topwear,Jackets,Navy Blue,Reebok Navy Knit Rib Jacket
1623,Bags,Backpacks,Red,Reebok Unisex Red Backpack
1624,Bags,Backpacks,Black,Reebok Silver-Black Laptop Backpack
1625,Topwear,Tshirts,Red,Domyos Men Quick Dry T-shirt
1626,Sports Equipment,Footballs,Blue,Kipsta F300 Football Size 5 Football
1627,Sports Equipment,Footballs,White,Kipsta F300 Football
1628,Sports Equipment,Basketballs,Brown,Kipsta Xtra Bounce Basketball
1634,Shoes,Sports Shoes,White,Inesis Water Repellent Canaveral Shoes
1635,Shoes,Casual Shoes,Red,Newfeel Unisex Red Comfy Shoes
1636,Shoes,Sports Shoes,White,Nike Men Air Zoom Century Shoes
1637,Shoes,Sports Shoes,White,Nike Men White Cricket Shoes
1638,Bottomwear,Swimwear,Blue,Nabaiji Swimming Goggles Blue Black
1641,Shoes,Sports Shoes,Silver,Reebok Men's Hex Run Pure Silver Shoe
1642,Shoes,Sports Shoes,White,Reebok Men Winning Stride White Red
1644,Topwear,Tshirts,Red,Kipsta Men Loose Fit Round Neck Jersey Red
1645,Topwear,Tshirts,Black,Kipsta Men Loose Fit Round Neck Jersey Black
1646,Bags,Backpacks,Grey,Quechua Ultralight Backpack 16 Ltr Grey Bag
1647,Bags,Backpacks,Green,Quechua Unisex Ultralight 16 Ltr Green Backpack
1648,Bags,Backpacks,Pink,Quechua  Ultralight Backpack Purple 16 ltr Bag
1649,Shoes,Casual Shoes,Blue,Newfeel Unisex Comfy Cool Blue Shoe
1651,Topwear,Tshirts,Pink,Domyos Women Style Pink T-shirt
1653,Shoes,Sports Shoes,Brown,Reebok Men's Ventilator Ubiq Shoe
1654,Shoes,Sports Shoes,White,Reebok Men's Frisker LP Shoe
1656,Headwear,Caps,Blue,Nike Unisex Odi Day Cap
1657,Shoes,Sports Shoes,White,Reebok Men's White High Wire Shoe
1658,Topwear,Jackets,Blue,Nike Men Windrunner Blue Jacket
1662,Topwear,Jackets,Navy Blue,Nike Men Blue Windrunner Jacket
1668,Topwear,Tshirts,Red,Reebok Men Playdry Full Sleeved T-shirt Red
1670,Topwear,Tshirts,Grey,Reebok Men Green Polo T-shirt
1671,Topwear,Tshirts,Black,Reebok Men Black Polo T-shirt
1673,Topwear,Tshirts,Black,Reebok Mens Lagoon Black T-shirt
1678,Topwear,Tshirts,Green,Reebok Men Play Hard Cotton Green T-shirt
1689,Topwear,Tshirts,Blue,Reebok Men Blue Polo T-shirt
1697,Bags,Backpacks,Black,Puma Deck Black Backpack
1727,Shoes,Casual Shoes,Black,Newfeel Unisex Black Lightweight Shoes
1728,Shoes,Sports Shoes,Green,Newfeel Unisex Green Sports Shoes
1729,Shoes,Casual Shoes,White,Newfeel Unisex White Shoes
1730,Shoes,Sports Shoes,Black,Reebok Women Black Pink Frisker Shoe
1731,Shoes,Sports Shoes,White,Reebok Women White Blue Frisker Shoes
1752,Topwear,Tshirts,Red,Lotto Men Red Epic T-shirt
1754,Topwear,Tshirts,Black,Lotto Men Marcello Black T-shirt
1755,Topwear,Tshirts,Red,Lotto Men Jasper Street Red T-shirt
1756,Topwear,Tshirts,White,Lotto Men White Polo T-shirt
1757,Topwear,Tshirts,Black,Lotto Men Polo Slate Black Rugby T-shirt
1758,Topwear,Jackets,White,Lotto Men White Collared Jacket
1759,Topwear,Tshirts,Grey,Lotto Men Epic Grey T-shirt
1760,Topwear,Tshirts,White,Lotto Men Marcello White T-shirt
1762,Topwear,Tshirts,Blue,Lotto Women Cathy Blue T-shirt
1763,Topwear,Tshirts,Pink,Lotto Women Cathy Pink T-shirt
1764,Bottomwear,Track Pants,Black,Lotto Women Mid Cathy Track Pants
1765,Topwear,Tshirts,White,Lotto Women White T-shirt
1766,Topwear,Tshirts,Blue,Inesis Men Blue Polo T-shirt
1782,Shoes,Sports Shoes,Black,Kalenji Men's Kapteren Black Shoe
1783,Sandal,Sandals,Grey,Quechua Men Grey Sandal
1784,Shoes,Sports Shoes,White,Lotto Men's Melbourne White-Red Shoe
1785,Shoes,Sports Shoes,White,Lotto Men Brighton White-Blue Shoe
1786,Shoes,Sports Shoes,White,Lotto Men's Court Logo White Shoe
1787,Shoes,Sports Shoes,White,Lotto Men Court Logo White-Silver Shoe
1788,Shoes,Sports Shoes,White,Lotto Men's Court-White-Blue Shoe
1789,Shoes,Sports Shoes,Orange,Lotto Men OSLO Grey-Orange Shoe
1790,Bags,Backpacks,Beige,Quechua Unisex Ultralight Beige Bag
1791,Bags,Backpacks,Black,Quechua 10L Black Bag
1792,Bags,Backpacks,Blue,Newfeel Marine Blue Bag
1793,Bags,Backpacks,Green,Quechua 10L Green Bag
1794,Bags,Backpacks,Brown,Newfeel Brown 22L Bag
1795,Bags,Backpacks,Black,Newfeel 22L Black Bag
1796,Topwear,Tshirts,Blue,Domyos Men Performance Blue T-shirt
1798,Topwear,Tshirts,Black,Domyos Men Slt Compression T-shirt
1799,Bottomwear,Track Pants,White,Domyos Men Blue & White Tracksuit
1800,Bags,Backpacks,Black,Quechua Unisex Black Solid Backpack
1801,Bags,Backpacks,Pink,Quechua Women 10L Pink Bag
1802,Shoes,Sports Shoes,Brown,Quechua Men's Arpenaz Flex Yellow Shoe
1803,Topwear,Tshirts,Black,Tribord Unisex Black T-shirt
1804,Bottomwear,Shorts,Black,Kalenji Men Essential Baggy Black Shorts
1805,Shoes,Casual Shoes,Beige,Quechua Men Forclaz 1OO Beige Shoe
1806,Sandal,Sandals,Brown,Quechua Men Arpenaz Brown Sandal
1807,Topwear,Tshirts,Red,Quechua Men G1 Techfresh Red T-shirt
1808,Water Bottle,Water Bottle,Purple,Quechua Aluminium Print Water Bottle
1809,Topwear,Tshirts,Blue,Decathlon Profilter Women Blue T-shirt
1810,Topwear,Tshirts,Red,Tribord Profilter Red Men T-shirt
1811,Topwear,Tshirts,Orange,Solognac Men Orange T-shirt
1812,Topwear,Tshirts,Green,Solognac Men Green T-shirt
1813,Topwear,Tshirts,Blue,Solognac Men Dark Blue T-shirt
1814,Topwear,Tshirts,Brown,Solognac Men Chocolate Brown  T-shirt
1827,Shoes,Sports Shoes,White,Nike Men's Downshifter White/Blue Shoe
1828,Shoes,Sports Shoes,White,Nike Men's Air Afterburner Shoe
1831,Shoes,Sports Shoes,Black,Nike Men's Air Impetus Shoe
1832,Shoes,Sports Shoes,Black,Nike Lunarswift Shoe
1833,Shoes,Sports Shoes,Black,Nike Men's Ballista Shoe
1836,Shoes,Sports Shoes,Silver,Nike Air Visi Sleek Shoes
1841,Shoes,Sports Shoes,White,Puma Men's Calibre Convertible Spike Shoe
1842,Shoes,Sports Shoes,White,Puma Men's Calibre Rubber Shoe
1844,Topwear,Tshirts,Blue,Inkfruit Mens D day T-shirt
1845,Topwear,Tshirts,Blue,Inkfruit Mens Surfer T-shirt
1846,Topwear,Tshirts,Blue,Inkfruit Men Buddha Bless You T-shirt
1847,Topwear,Tshirts,Blue,Inkfruit Mens Messy T-shirt
1848,Topwear,Tshirts,Black,Inkfruit Men Wolf
1849,Topwear,Tshirts,White,Inkfruit Mens Unbreakable Mumbai T-shirt
1852,Topwear,Tshirts,Blue,Inkfruit Men Ride It Or Die T-shirt
1853,Topwear,Tshirts,Yellow,Inkfruit Mens Little Bit More T-shirt
1854,Topwear,Tshirts,Purple,Inkfruit Mens Pencho T-shirt
1855,Topwear,Tshirts,Grey,Inkfruit Mens Chain Reaction T-shirt
1856,Topwear,Tshirts,Red,Inkfruit Men Rebel Without a Clue T-shirt
1857,Topwear,Tshirts,Black,Inkfruit Mens Life After Midnight T-shirt
1859,Topwear,Tshirts,Red,Inkfruit Men Eye Opener T-shirt
1860,Topwear,Tshirts,Grey,Inkfruit Mens Shiva T-shirt
1861,Topwear,Tshirts,White,Inkfruit Men Graff Wars T-shirt
1862,Topwear,Tshirts,Grey,Inkfruit Mens Urban Warfare T-shirt
1863,Topwear,Tshirts,Black,Inkfruit Men Night Wolf T-shirt
1865,Topwear,Tshirts,White,Inkfruit Men Operation Kick
1866,Topwear,Tshirts,Maroon,Inkfruit Mens My Pet T-shirt
1867,Topwear,Tshirts,Blue,Inkfruit Men Nayak Nahi T-shirt
1868,Topwear,Tshirts,White,Inkfruit Mens Facebook Like T-shirt
1869,Topwear,Tshirts,Navy Blue,FIFA Mens 1904 Navy Blue T-shirt
1870,Topwear,Tshirts,Black,FIFA Mens 1990 World Cup Black T-shirt
1871,Topwear,Tshirts,White,FIFA Mens 1990 World Cup White T-shirt
1872,Topwear,Tshirts,White,FIFA Mens 1962 World Cup White T-shirt
1875,Topwear,Tshirts,Green,FIFA Mens 1990 World Cup Edition T-shirt
1876,Topwear,Tshirts,White,FIFA Mens Mexican Wave White T-shirt
1877,Topwear,Tshirts,Grey,FIFA Mens Mexican Wave Grey T-shirt
1879,Topwear,Tshirts,Red,FIFA Mens 1982 Spain Red T-shirt
1880,Topwear,Tshirts,Black,FIFA Mens World Cup Champions Black T-shirt
1881,Topwear,Tshirts,Grey,FIFA Mens France 1938 Grey T-shirt
1882,Topwear,Tshirts,Red,FIFA Mens Code Collection Red T-shirt
1883,Bottomwear,Track Pants,Grey,FIFA Mens Heritage Collection Grey Track Pants
1884,Bottomwear,Track Pants,Navy Blue,FIFA Mens 1905 Heritage Collection Track Pants
1885,Bottomwear,Shorts,Grey,FIFA Mens 1904 Heritage Shorts
1886,Topwear,Tshirts,Grey,FIFA Mens Red Card Grey T-shirt
1887,Topwear,Tshirts,Green,FIFA Mens Essentials Green T-shirt
1888,Topwear,Tshirts,Black,FIFA Mens Essentials Black T-shirt
1889,Topwear,Tshirts,Navy Blue,Fifa Men Essentials Navy Blue T-shirt
1890,Topwear,Tshirts,Red,FIFA Mens Essentials Red T-shirt
1891,Topwear,Tshirts,White,FIFA Mens Essentials White T-shirt
1892,Topwear,Sweatshirts,Blue,FIFA Men Full Sleeves Hoody Sweatshirt
1895,Topwear,Sweatshirts,Black,FIFA Men Full Sleeves Hoody Sweatshirt
1897,Topwear,Tshirts,Blue,FIFA Men Germany Blue Jersey
1902,Topwear,Tshirts,Blue,FIFA Men Blue Jersey
1903,Topwear,Tshirts,Yellow,FIFA Men Brazil Yellow Jersey
1904,Topwear,Tshirts,Blue,FIFA Men Brazil Blue & Yellow Jersey
1905,Topwear,Tshirts,Blue,FIFA Mens 1904 Football Federation T-shirt
1906,Topwear,Tshirts,Cream,FIFA Mens 1905 Football Federation T-shirt
1907,Topwear,Tshirts,Black,Nike Mens Classic Black T-shirt
1909,Topwear,Tshirts,Blue,Nike Mens Classic Sportswear T-shirt
1910,Topwear,Tshirts,Black,Nike Men's Classic Patterned T-shirt
1911,Topwear,Tshirts,Blue,Nike Mens Manchester United Blues T-shirt
1912,Topwear,Tshirts,White,Nike Mens Running White T-shirt
1913,Topwear,Tshirts,Black,Nike Mens Seize Victory Black T-shirt
1915,Accessories,Water Bottle,Yellow,Quechua Yellow Sipper
1916,Shoes,Sports Shoes,Black,Puma Men's Game Point Shoes
1917,Shoes,Casual Shoes,White,Puma Men White Sneakers
1918,Bags,Backpacks,Blue,Domyos 300 Blue Bag
1919,Shoes,Casual Shoes,Brown,Puma Men's Choco Brown Casual Shoes
1920,Shoes,Casual Shoes,Black,Puma Men Graffiti FX Shoes
1922,Topwear,Tshirts,Black,Puma Mens Slim Fit Black Polo T-shirt
1923,Shoes,Sports Shoes,White,Kalenji Women Running Shoe
1924,Topwear,Tshirts,White,Puma Mens Racing White T-shirt
1925,Bags,Backpacks,Black,Quechua Black Bag
1926,Topwear,Tshirts,Blue,Puma Mens Ocean Racing Blues T-shirt
1927,Bags,Backpacks,Navy Blue,Domyos Navy Blue Bag
1928,Topwear,Tshirts,Green,Puma Mens One Love T-shirt
1929,Shoes,Sports Shoes,Black,Quechua Men's Lighweight Black Shoe
1930,Bags,Backpacks,Red,Quechua 22L Red Bag
1931,Topwear,Tshirts,Navy Blue,Puma Men's Jamaica Jam Navy Blue T-shirt
1932,Shoes,Casual Shoes,Grey,Quechua Women Arpenaz Flex Grey Shoe
1933,Bags,Backpacks,Grey,Quechua Arpenaz 20L Dark Grey Bag
1934,Bags,Backpacks,Purple,Quechua Forclaz 25L Air Purple Backpack
1935,Bags,Backpacks,Black,Quechua 22L Blue Bag
1936,Bags,Backpacks,Brown,Quechua Arpenaz 30L Brown Bag
1937,Shoes,Sports Shoes,Black,Kalenji Women Black Pink Shoe
1938,Topwear,Tshirts,Blue,Puma Men's Jamaica Jam Blues T-shirt
1939,Bags,Handbags,Blue,Geonaute Women Large Outdoor Bag Bag
1941,Bags,Handbags,Brown,Domyos Brown Bag
1942,Topwear,Tshirts,White,Puma Mens Reggae All Night White T-shirt
1943,Bags,Duffel Bag,Grey,Domyos Grey Duffle Duffle Bag
1944,Topwear,Tshirts,Blue,Puma Mens Reggae All Night Blues T-shirt
1945,Topwear,Tshirts,Green,Puma Mens Reggae All Night Green T-shirt
1946,Topwear,Tshirts,Green,Puma Mens One Love Reggae Polo T-shirt
1947,Topwear,Tshirts,Blue,Puma Mens Cricket Way of Life T-shirt
1948,Topwear,Tshirts,Black,Puma Mens Keyboard Sidebar Black Polo T-shirt
1949,Topwear,Tshirts,White,Puma Mens Keyboard Sidebar White Polo T-shirt
1950,Topwear,Tshirts,Black,Puma Mens Colour Splash T-shirt
1951,Shoes,Sports Shoes,Purple,Puma Women Eco Funky Shoes
1962,Shoes,Sports Shoes,White,ADIDAS Men's Duramo Leather Shoe
1963,Shoes,Sports Shoes,White,ADIDAS Men's Azaro White Shoe
1964,Shoes,Casual Shoes,Blue,ADIDAS Men's Blue Canvas Shoe
1966,Topwear,Tshirts,Black,Domyos Mens Compression Black T-shirt
1972,Topwear,Tshirts,White,Kalenji Mens White T-shirt
1973,Topwear,Tshirts,Brown,Quechua Mens Brown T-shirt
1976,Bottomwear,Shorts,White,Tribord Mens Short Cargo Shorts
1977,Bottomwear,Shorts,Grey,Tribord Mens Grey Cargo Shorts
1978,Topwear,Tops,Yellow,Puma Women Yellow Sleeveless Top
1981,Bottomwear,Shorts,Green,Puma Women's Island Green Shorts
1982,Bottomwear,Shorts,Purple,Puma Women's Island Shorts Purple
1983,Topwear,Tshirts,Blue,ADIDAS Women Graphic Blue T-shirt
1984,Topwear,Tshirts,White,ADIDAS Women Graphic White T-shirt
1985,Topwear,Tshirts,Red,ADIDAS Womens Classic Red T-shirt
1986,Topwear,Tshirts,Blue,ADIDAS Womens Blue V Neck T-shirt
1988,Topwear,Tshirts,Red,ADIDAS Womens Red Tank T-shirt
1989,Topwear,Tshirts,Black,ADIDAS Womens Black Tank Fitted T-shirt
1990,Topwear,Tshirts,Green,ADIDAS Women's New Striped Tank T-shirt
1991,Topwear,Tshirts,Blue,ADIDAS Womens Blue  Polo T-shirt
1992,Topwear,Tshirts,Yellow,Puma Men's Heroes T-shirt
1993,Topwear,Tshirts,Grey,Puma Women Femme Fatale T-shirt
1994,Topwear,Tshirts,Yellow,Puma Women's Powergirls T-shirt
1995,Topwear,Tshirts,Red,ADIDAS Mens Crew Red T-shirt
1996,Topwear,Tshirts,Grey,ADIDAS Mens Crew Grey T-shirt
1997,Bottomwear,Shorts,Grey,Puma Men's Grey Sports Shorts
1998,Topwear,Tshirts,Black,ADIDAS Mens Fitted T-shirt
1999,Bottomwear,Track Pants,Grey,Puma Men's Grey Track Pants
2001,Topwear,Tshirts,Grey,ADIDAS Mens Grey Polo T-shirt
2002,Topwear,Tshirts,Yellow,PUMA Women Yellow Printed T-shirt
2003,Topwear,Tshirts,Blue,ADIDAS Mens Dark Blue T-shirt
2004,Topwear,Tshirts,Red,ADIDAS Mens Red T-shirt
2005,Topwear,Tshirts,Black,ADIDAS Mens Black T-shirt
2006,Topwear,Tshirts,White,Puma Men's African Splash T-shirt
2007,Topwear,Tshirts,Black,ADIDAS Mens Full Black T-shirt
2008,Topwear,Tshirts,Blue,ADIDAS Mens Classic Dark Indigo T-shirt
2009,Topwear,Tshirts,White,ADIDAS Mens Classic White Polo T-shirt
2010,Topwear,Tshirts,Green,ADIDAS Mens Classic Green Polo T-shirt
2011,Topwear,Tshirts,Blue,ADIDAS Men Classic Blue Striped T-shirt
2012,Topwear,Tshirts,White,ADIDAS Mens Graphic White T-shirt
2014,Topwear,Tshirts,Yellow,ADIDAS Men's Classic Yellow Polo T-shirt
2015,Topwear,Tshirts,Black,ADIDAS Mens Classic Collar Black Polo T-shirt
2023,Topwear,Tshirts,Grey,ADIDAS Mens Chrome Graphic T-shirt
2024,Topwear,Tshirts,Red,ADIDAS Mens Fitted Red T-shirt
2025,Topwear,Tshirts,Grey,ADIDAS Mens Full Grey T-shirt
2026,Topwear,Tshirts,Green,ADIDAS Mens Full Deep Green T-shirt
2027,Topwear,Tshirts,Blue,ADIDAS Mens Full Navy Blue T-shirt
2028,Topwear,Tshirts,Navy Blue,ADIDAS Men Classic Navy Blue T-shirt
2029,Topwear,Tshirts,Blue,ADIDAS Mens Stripped Polo T-shirt
2030,Topwear,Tshirts,Black,ADIDAS Men's Black Knight T-shirt
2031,Topwear,Jackets,Black,ADIDAS Men Collared Track Jacket
2032,Topwear,Tshirts,White,ADIDAS Men's White Blood T-shirt
2033,Topwear,Tshirts,White,ADIDAS Mens White T-shirt
2034,Topwear,Tshirts,Black,ADIDAS Men's Black Polo T-shirt
2035,Topwear,Tshirts,Black,ADIDAS Mens Round Neck Black T-shirt
2036,Topwear,Tshirts,Yellow,ADIDAS Mens Light Yellow T-shirt
2037,Topwear,Tshirts,Black,ADIDAS Mens Fitted Black T-shirt
2038,Topwear,Tshirts,Black,ADIDAS Mens Stylish Black Polo T-shirt
2039,Topwear,Tshirts,White,ADIDAS Men's White Polo T-shirt
2040,Topwear,Tshirts,White,ADIDAS Mens Fire White Polo T-shirt
2041,Topwear,Tshirts,Grey,ADIDAS Mens Fire Grey T-shirt
2042,Topwear,Tshirts,White,ADIDAS Mens Graphic White Tee
2044,Topwear,Tshirts,White,ADIDAS Mens Graphic T-shirt
2045,Topwear,Tshirts,Black,ADIDAS Mens Multi Black T-shirt
2046,Topwear,Tshirts,Blue,ADIDAS Mens Fitted Blue T-shirt
2047,Topwear,Tshirts,Navy Blue,ADIDAS Men's Navy Blue T-shirt
2048,Topwear,Tshirts,Black,ADIDAS Men's Crew Black T-shirt
2049,Topwear,Tshirts,White,ADIDAS Men's Slim Fit White T-shirt
2050,Topwear,Shirts,Black,Lee Men Essential Black Shirt
2051,Topwear,Tshirts,Cream,Lee Men's Kansas Cream T-shirt
2052,Topwear,Tshirts,Brown,Lee Men's Trademark T-shirt
2053,Topwear,Tshirts,Grey,Lee Mens Winning with Lee T-shirt
2054,Topwear,Tshirts,Maroon,Lee Men's Stone T-shirt
2055,Topwear,Tshirts,Grey,Lee Men's Sahara Storm Rider T-shirt
2056,Topwear,Tshirts,Grey,Lee Men's Ten Minutes to Midnight T-shirt
2057,Topwear,Tshirts,Orange,Lee Men's Saddle Storm T-shirt
2058,Topwear,Tshirts,Pink,Lee Men's Solo Storm Rider T-shirt
2059,Topwear,Tshirts,Navy Blue,Lee Men's Salvadore Boot T-shirt
2060,Topwear,Tshirts,Navy Blue,Lee Men's Catch the Legend T-shirt
2061,Topwear,Tshirts,Blue,Lee Men's Progress Marches On T-shirt
2062,Topwear,Tshirts,Grey,Lee Mens  T-shirt
2065,Topwear,Tshirts,Black,ADIDAS Women Polo Black Polo T-shirt
2069,Topwear,Tshirts,White,ADIDAS Womens Tank White T-shirt
2078,Topwear,Tshirts,Black,ADIDAS Women Fitted Black T-shirt
2089,Topwear,Tshirts,Purple,Adidas Mens Pocket Polo T-shirt
2090,Topwear,Tshirts,Black,ADIDAS Mens Polo Black Polo T-shirt
2091,Topwear,Tshirts,Maroon,ADIDAS Mens ESS 3S Polo T-shirt
2092,Topwear,Tshirts,Blue,ADIDAS Mens Polo Blue Polo T-shirt
2093,Topwear,Shirts,Blue,Lee Men checks Blue Shirt
2094,Topwear,Shirts,White,Lee Men Checks Green Shirt
2095,Topwear,Shirts,Blue,Lee Men Light Blue Shirt
2096,Topwear,Shirts,Green,Lee Men Olive Green Shirt
2097,Topwear,Shirts,Blue,Lee Men Reversible Blue Shirt
2098,Topwear,Shirts,White,Lee Men Derrick Checks Shirt
2099,Topwear,Shirts,White,Lee Men Checks Dark Blue Shirt
2100,Topwear,Shirts,Brown,Lee Men Checks Brown Shirt
2101,Topwear,Shirts,Blue,Lee Men Check Mason Blue Shirt
2102,Topwear,Shirts,White,Lee Men Checks Parker Blue Shirt
2103,Topwear,Shirts,White,Lee Men Checks White Shirt
2104,Topwear,Shirts,Blue,Lee Men Checks Red Shirt
2105,Bottomwear,Track Pants,Black,ADIDAS Men's Climalite Track Pants
2106,Bottomwear,Shorts,Navy Blue,ADIDAS Men's Chelsea Striped Black Shorts
2107,Bottomwear,Shorts,Navy Blue,ADIDAS Men's Chelsea Striped Navy Shorts
2108,Bottomwear,Shorts,Black,ADIDAS Men's Black Football Shorts
2109,Bottomwear,Track Pants,Black,ADIDAS Women's Slim Fit Lycra Track Pants
2110,Bottomwear,Track Pants,Tan,ADIDAS Women Very Berry Lycra Track Pants
2111,Bottomwear,Track Pants,Black,ADIDAS Women's Sunset Lycra Fit Track Pants
2112,Bottomwear,Track Pants,Black,ADIDAS Women's Essential Black Capris
2113,Bottomwear,Track Pants,Grey,ADIDAS Women's Essential Cinder Grey Capris
2114,Bottomwear,Track Pants,Black,ADIDAS Women Essential Black Candy Pants
2115,Bottomwear,Track Pants,Black,ADIDAS Men's Black Crest Track Pants
2116,Bottomwear,Track Pants,Black,ADIDAS Men Smooth Striped Track Pants
2117,Bottomwear,Shorts,Grey,ADIDAS Men Grey  Capris
2118,Bottomwear,Track Pants,Black,ADIDAS Men's Foamy Striped Track Pants
2119,Topwear,Shirts,Pink,Lee Women Pink Shirt
2120,Topwear,Tops,Navy Blue,Lee Women Navy Blue Top
2121,Topwear,Shirts,Black,Lee Women Black Shirt